,C,Double,Triple,Bracket,Cyclic,Predict
<<<<<<< HEAD
0,10,2,0,0,2,444.54999999999995
1,10,1,0,1,1,460.15
2,11,0,0,1,2,480.15
3,10,3,0,0,1,471.85
=======
0,5,1,0,0,1,313.75
1,8,0,0,0,1,406.99999999999994
2,2,0,0,0,0,188.45
3,9,1,0,0,0,420.35
>>>>>>> 77e25af17a9db1f7024b3012c814091864806772
