,C,Double,Triple,Bracket,Cyclic,Predict
0,8,0,0,0,1,407.0
1,3,0,0,0,1,240.35
2,9,0,0,0,0,428.04999999999995
3,9,1,0,2,0,414.1499999999999
