,C,Double,Triple,Bracket,Cyclic,Predict
0,6,1,1,0,0,352.0833333333333
1,6,0,2,0,0,352.0833333333333
2,7,3,0,0,0,374.15
3,8,0,2,0,0,405.5
