,C,Double,Triple,Bracket,Cyclic,Predict,rank
0,5,1,0,0,1,313.75,115.35000000000002
1,8,0,0,0,1,406.99999999999994,115.35000000000002
2,2,0,0,0,0,188.45,115.35000000000002
3,9,1,0,0,0,420.35,115.35000000000002
