,C,Double,Triple,Bracket,Cyclic,Predict,rank
0,9,1,0,2,2,413.4833333333333,63.48333333333329
