,C,Double,Triple,Bracket,Cyclic,Predict,rank
0,12,4,0,2,0,460.7,110.69999999999999
1,12,5,0,1,1,531.45,181.45000000000005
2,8,0,0,0,1,407.0,57.0
3,12,0,0,1,0,460.7,110.69999999999999
4,12,6,0,0,2,531.45,181.45000000000005
5,10,0,0,0,0,447.25,97.25
6,3,0,0,0,1,240.35,59.650000000000006
7,10,1,0,0,0,447.25,97.25
8,9,0,0,0,0,428.04999999999995,78.04999999999995
9,9,1,0,2,0,414.1499999999999,64.14999999999992
