,C,Double,Triple,Bracket,Cyclic,Predict,rank
0,12,3,0,0,0,481.65,176.64999999999998
1,9,0,0,1,1,423.8833333333334,118.88333333333338
2,12,4,0,1,0,460.7,155.7
3,11,2,0,2,1,467.45,162.45
4,9,1,0,0,0,420.35,115.35000000000002
5,8,0,0,0,1,406.99999999999994,101.99999999999994
6,2,0,0,0,0,188.45,111.55000000000001
7,5,1,0,0,1,313.75,8.75
8,10,4,0,1,2,480.15,175.14999999999998
9,10,4,0,1,0,440.15,135.14999999999998
