,C,Double,Triple,Bracket,Cyclic,Predict,rank
0,11,3,0,2,1,467.45,117.44999999999999
1,7,0,2,0,0,385.15,35.14999999999998
2,10,2,0,1,2,429.05,79.05000000000001
3,8,3,0,0,0,388.65,38.64999999999998
4,9,1,0,2,1,413.4833333333333,63.48333333333329
5,6,0,2,0,0,352.0833333333333,2.0833333333333144
6,12,4,0,2,0,460.7,110.69999999999999
7,11,2,0,1,1,472.15,122.14999999999998
8,6,1,1,0,0,352.0833333333333,2.0833333333333144
9,12,6,0,0,1,553.15,203.14999999999998
