,C,Double,Triple,Bracket,Cyclic,Predict,rank
0,10,0,0,2,0,433.97941176470584,128.97941176470584
1,10,3,0,2,2,480.75,175.75
2,12,5,0,1,1,531.45,226.45000000000005
3,12,4,0,1,1,472.15,167.14999999999998
4,11,0,0,2,1,467.45,162.45
5,10,0,2,0,0,447.15,142.14999999999998
6,12,0,2,0,0,488.15,183.14999999999998
7,11,2,0,0,0,466.2375,161.2375
8,3,1,0,0,0,231.05,68.94999999999999
9,7,0,0,1,0,363.65,58.64999999999998
