,C,Double,Triple,Bracket,Cyclic,Predict,rank
0,7,1,0,0,0,369.45,80.55000000000001
1,7,0,2,0,0,385.15,64.85000000000002
2,1,0,0,0,0,111.65,338.35
3,10,1,0,1,1,460.15,0.0
4,11,3,0,0,1,507.15,7.149999999999977
5,9,0,0,0,0,428.04999999999995,21.950000000000045
6,10,0,0,1,2,437.1499999999999,12.85000000000008
7,10,2,0,0,2,444.54999999999995,5.4500000000000455
8,7,1,0,1,0,361.45909090909095,88.54090909090905
9,7,1,0,1,0,361.45909090909095,88.54090909090905
