,C,Double,Triple,Bracket,Cyclic,Predict,rank
0,6,1,0,0,0,340.7,35.69999999999999
1,12,1,0,0,1,494.9833333333333,189.9833333333333
2,10,1,0,0,0,447.25,142.25
3,10,0,0,5,0,435.85,130.85000000000002
4,3,1,0,0,0,231.05,68.94999999999999
5,8,0,0,1,0,390.8,85.80000000000001
6,12,1,0,5,0,453.15,148.14999999999998
7,10,3,0,0,0,440.15,135.14999999999998
8,8,2,0,1,0,387.7,82.69999999999999
9,9,0,2,0,0,435.15,130.14999999999998
