,C,Double,Triple,Bracket,Cyclic,Predict,rank,Error
9,7,0,0,1,0,363.65,58.64999999999998,19.229508196721305
8,3,1,0,0,0,231.05,68.94999999999999,22.98333333333333
0,10,0,0,2,0,433.97941176470584,128.97941176470584,42.288331726133066
5,10,0,2,0,0,447.15,142.14999999999998,46.60655737704917
