,C,Double,Triple,Bracket,Cyclic,Predict,rank,Error
7,5,1,0,0,1,313.75,8.75,2.8688524590163933
5,8,0,0,0,1,406.99999999999994,101.99999999999994,33.442622950819654
6,2,0,0,0,0,188.45,111.55000000000001,37.18333333333334
4,9,1,0,0,0,420.35,115.35000000000002,37.81967213114755
