,C,Double,Triple,Bracket,Cyclic,Predict,rank,Error
5,6,0,2,0,0,352.0833333333333,2.0833333333333144,0.5952380952380898
8,6,1,1,0,0,352.0833333333333,2.0833333333333144,0.5952380952380898
1,7,0,2,0,0,385.15,35.14999999999998,10.042857142857137
3,8,3,0,0,0,388.65,38.64999999999998,11.042857142857136
