,C,Double,Triple,Bracket,Cyclic,Predict,rank,Error
3,10,1,0,1,1,460.15,0.0,0.0
7,10,2,0,0,2,444.54999999999995,5.4500000000000455,1.211111111111121
4,11,3,0,0,1,507.15,7.149999999999977,1.4299999999999955
6,10,0,0,1,2,437.1499999999999,12.85000000000008,2.8555555555555734
