,C,Double,Triple,Bracket,Cyclic,Predict,rank,Error
2,8,0,0,0,1,407.0,57.0,16.28571428571429
6,3,0,0,0,1,240.35,59.650000000000006,19.883333333333336
9,9,1,0,2,0,414.1499999999999,64.14999999999992,18.328571428571404
8,9,0,0,0,0,428.04999999999995,78.04999999999995,22.299999999999986
