,C,Double,Triple,Bracket,Cyclic,Predict,rank,Error
0,6,1,0,0,0,340.7,35.69999999999999,11.704918032786882
4,3,1,0,0,0,231.05,68.94999999999999,22.98333333333333
8,8,2,0,1,0,387.7,82.69999999999999,27.11475409836065
5,8,0,0,1,0,390.8,85.80000000000001,28.13114754098361
